insert into cookery (id, name) values (1, 'Tailandesa');
insert into cookery (id, name) values (2, 'Indiana');
insert into cookery (id, name) values (3, 'Italiana');
insert into cookery (id, name) values (4, 'Japonesa');
insert into cookery (id, name) values (5, 'Mediterrânea');
insert into cookery (id, name) values (6, 'Coreana');
insert into cookery (id, name) values (7, 'Francesa');
insert into cookery (id, name) values (8, 'Mexicana');
insert into cookery (id, name) values (9, 'Chinesa');
insert into cookery (id, name) values (10, 'Brasileira');
insert into cookery (id, name) values (11, 'Grega');
insert into cookery (id, name) values (12, 'Espanhola');

insert into restaurant (id, name, delivery_fee, cookery_id) values (1, 'Thai Gourmet', 10, 1);
insert into restaurant (id, name, delivery_fee, cookery_id) values (2, 'Thai Delivery', 9.50, 1);
insert into restaurant (id, name, delivery_fee, cookery_id) values (3,'Tuk Tuk Comida Indiana', 15, 2);
insert into restaurant (id, name, delivery_fee, cookery_id) values (4, 'Pizzaria Bella Italia', 8.50, 3);
insert into restaurant (id, name, delivery_fee, cookery_id) values (5, 'Sushi Express', 12, 4);
insert into restaurant (id, name, delivery_fee, cookery_id) values (6, 'Le Bistro Français', 10.50, 7);
insert into restaurant (id, name, delivery_fee, cookery_id) values (7, 'Mexicanos Sabores', 9, 8);
insert into restaurant (id, name, delivery_fee, cookery_id) values (8, 'Restaurante Chinês Imperial', 11, 9);
insert into restaurant (id, name, delivery_fee, cookery_id) values (9, 'Sabores Brasileiros', 7.50, 10);
insert into restaurant (id, name, delivery_fee, cookery_id) values (10, 'Taverna Grega', 10, 11);
insert into restaurant (id, name, delivery_fee, cookery_id) values (11, 'Tapas Españolas', 8, 12);
insert into restaurant (id, name, delivery_fee, cookery_id) values (12, 'Korean BBQ House', 12.50, 6);
insert into restaurant (id, name, delivery_fee, cookery_id) values (13, 'La Cucina Italiana', 9.50, 3);

insert into state (id, name) values (1, 'Minas Gerais');
insert into state (id, name) values (2, 'São Paulo');
insert into state (id, name) values (3, 'Ceará');
insert into state (id, name) values (4, 'Rio de Janeiro');
insert into state (id, name) values (5, 'Rio Grande do Sul');
insert into state (id, name) values (6, 'Paraná');
insert into state (id, name) values (7, 'Bahia');
insert into state (id, name) values (8, 'Santa Catarina');
insert into state (id, name) values (9, 'Pernambuco');
insert into state (id, name) values (10, 'Goiás');

insert into city (id, name, state_id) values (1, 'Uberlândia', 1);
insert into city (id, name, state_id) values (2, 'Belo Horizonte', 1);
insert into city (id, name, state_id) values (3, 'São Paulo', 2);
insert into city (id, name, state_id) values (4, 'Campinas', 2);
insert into city (id, name, state_id) values (5, 'Fortaleza', 3);
insert into city (id, name, state_id) values (6, 'Rio de Janeiro', 4);
insert into city (id, name, state_id) values (7, 'Porto Alegre', 5);
insert into city (id, name, state_id) values (8, 'Curitiba', 6);
insert into city (id, name, state_id) values (9, 'Salvador', 7);
insert into city (id, name, state_id) values (10, 'Florianópolis', 8);
insert into city (id, name, state_id) values (11, 'Recife', 9);
insert into city (id, name, state_id) values (12, 'Goiânia', 10);

insert into payment_methods (id, description) values (1, 'Cartão de crédito');
insert into payment_methods (id, description) values (2, 'Cartão de débito');
insert into payment_methods (id, description) values (3, 'Dinheiro');
insert into payment_methods (id, description) values (4, 'Transferência bancária');
insert into payment_methods (id, description) values (5, 'Pix');
insert into payment_methods (id, description) values (6, 'Vale-refeição');
insert into payment_methods (id, description) values (7, 'Boleto bancário');
insert into payment_methods (id, description) values (8, 'Cheque');
insert into payment_methods (id, description) values (9, 'Apple Pay');
insert into payment_methods (id, description) values (10, 'Google Pay');

insert into permission (id, name, description) values (1, 'CONSULTAR_COZINHAS', 'Permite consultar cozinhas');
insert into permission (id, name, description) values (2, 'EDITAR_COZINHAS', 'Permite editar cozinhas');
insert into permission (id, name, description) values (3, 'EXCLUIR_COZINHAS', 'Permite excluir cozinhas');
insert into permission (id, name, description) values (4, 'CONSULTAR_RESTAURANTES', 'Permite consultar restaurantes');
insert into permission (id, name, description) values (5, 'EDITAR_RESTAURANTES', 'Permite editar restaurantes');
insert into permission (id, name, description) values (6, 'EXCLUIR_RESTAURANTES', 'Permite excluir restaurantes');
insert into permission (id, name, description) values (7, 'CONSULTAR_PAGAMENTOS', 'Permite consultar pagamentos');
insert into permission (id, name, description) values (8, 'EDITAR_PAGAMENTOS', 'Permite editar pagamentos');
insert into permission (id, name, description) values (9, 'EXCLUIR_PAGAMENTOS', 'Permite excluir pagamentos');
insert into permission (id, name, description) values (10, 'CONSULTAR_PERMISSOES', 'Permite consultar permissões');

